"Reference","Qty","Value","DNP","Exclude from BOM","Exclude from Board","Footprint","Datasheet","LCSC"
"D1,D2,D3,D4,D5,D6,D7,D8,D9,D10,D11,D12,D13,D14,D15,D16,D17,D18,D19,D20,D21","21","LED","","","","cnhardware:LED_0402_1005Metric_COMPACT","~","C965793"
"N1,N2,N3,N4,N5,N6,N7,N8,N14,N15,N16,N20,N21,N22,N23,N24,N25,N26,N27,N30,N31,N32,N33,N34,N35,N36,N37,N38,N39,N40,N41,N42,N43,N44,N45,N46,N47,N48,N49,N50,N51,N52,N53,N54,N55,N56,N57,N58,N59,N60,N61,N62,N63","53","2SK3541","","","","cnhardware:SOT-723-COMPACT","~","C42402303"
"N9,N10,N11,N12,N13,N17,N18,N19,N28,N29,N64,N65,N66,N67,N68,N69,N70,N71,N72,N73,N74,N75,N76,N77","24","2SK3541,NX7002BKMB315","","","","cnhardware:DFN1006-3-NCH","~","C240200"
"P1,P2,P3,P4,P5,P6,P7,P8,P14,P15,P16,P20,P21,P22,P23,P24,P25,P26,P27,P30,P31,P32,P33,P34,P35,P36,P37,P38,P39,P40,P41,P42,P43,P44,P45,P46,P47,P48,P49,P50,P51,P52,P53,P54,P55,P56,P57,P58,P59,P60,P61,P62,P63","53","RZM001P02T2L","","","","cnhardware:SOT-723-COMPACTP","~","C308762"
"P9,P10,P11,P12,P13,P17,P18,P19,P28,P29,P64,P65,P66,P67,P68,P69,P70,P71,P72,P73,P74,P75,P76,P77","24","BSS84KNC,RZM001P02T2L","","","","cnhardware:DFN1006-3-PCH","~","C443620"
"R1,R2,R3,R4,R5,R6,R7,R8,R9,R10,R11,R12,R13,R14,R15,R16,R17,R18,R19,R20,R21,R22,R23,R24,R25,R26,R27,R28,R29,R30,R31,R32,R33,R34,R35,R36,R37,R38,R39,R40,R41,R42,R43,R44,R45,R46,R47,R48,R49,R50,R51,R52","52","1k","","","","cnhardware:R_0402_1005Metric_COMPACT","~","C11702"
"TP1,TP2,TP3,TP4,TP5,TP6,TP7,TP8,TP9,TP10,TP11,TP12,TP13,TP14,TP15,TP16,TP17,TP18,TP19,TP20,TP21,TP22,TP23,TP24,TP25,TP26,TP27,TP28,TP29,TP30,TP31,TP32,TP33,TP34,TP35,TP36,TP37,TP38,TP39,TP40,TP41,TP42,TP43,TP44,TP45,TP46,TP47,TP48,TP49,TP50,TP51,TP52,TP53,TP54,TP55,TP56,TP57,TP58,TP59,TP60,TP61,TP62,TP63,TP64,TP65,TP66,TP67,TP68,TP69,TP70,TP71,TP72,TP73,TP74,TP75,TP76,TP77,TP78,TP79,TP80,TP81,TP82,TP83,TP84,TP85,TP86,TP87,TP88,TP89,TP90,TP91,TP92,TP93,TP94,TP95,TP96,TP97,TP98,TP99,TP100,TP101,TP102,TP103,TP104,TP105,TP106,TP107,TP108,TP109,TP110,TP111,TP112,TP113,TP114,TP115,TP116,TP117,TP118,TP119,TP120,TP121,TP122,TP123,TP124,TP125,TP126,TP127,TP128,TP129,TP130,TP131,TP132,TP133,TP134,TP135","135","2NOR0,2NOR1,2NOROUT,3NANDI0,3NANDI1,3NANDI2,3NANDOUT,BOR,BOS,FAA,FAB,FACO,FACi,FASO,FFOUT,GND,GND2NOR,GND3NAND,GNDFA,GNDFF,GNDJK,GNDRO,GNDRS,GNDXM,GNDXOR,GNDXOR2,JKCK,JKJ,JKK,JKNQ,JKQ,JOIN0,JOIN1,JOIN2,JOIN3,LED0,LED1,LED2,ND,NG,NS,PD,PG,PS,R,ROON,RSCK,RSNQ,RSQ,RSR,RSS,VCC2NOR,VCC3NAND,VCCFA,VCCFF,VCCJK,VCCRO,VCCRS,VCCXM,VCCXOR,VCCXOR2,XM1,XM2,XMINN,XMINP,XOR2A,XOR2B,XOR2O,XORA,XORB,XOROUT","","Excluded from BOM","","cnhardware:TPTHRU","~","C25503131"
