Designator,Val,Package,Mid X,Mid Y,Rotation,Layer,OROT
D1,LED,LED_0402_1005Metric_COMPACT,36.4825,-26.4525,90,top,-90
D2,LED,LED_0402_1005Metric_COMPACT,36.47,-36.0125,90,top,-90
D3,LED,LED_0402_1005Metric_COMPACT,44.34,-44.015,90,top,-90
D4,LED,LED_0402_1005Metric_COMPACT,59.1,-28.505,270,top,90
D5,LED,LED_0402_1005Metric_COMPACT,59.7275,-41.0875,270,top,90
D6,LED,LED_0402_1005Metric_COMPACT,71.755,-40.9875,270,top,90
D7,LED,LED_0402_1005Metric_COMPACT,41.69,-51.9275,270,top,90
D8,LED,LED_0402_1005Metric_COMPACT,72.1425,-24.72,180,top,0
D9,LED,LED_0402_1005Metric_COMPACT,42.64,-51.9075,270,top,90
D10,LED,LED_0402_1005Metric_COMPACT,74.3425,-52.4125,90,top,-90
D11,LED,LED_0402_1005Metric_COMPACT,78.0225,-52.2625,90,top,-90
D12,LED,LED_0402_1005Metric_COMPACT,81.9325,-52.1625,90,top,-90
D13,LED,LED_0402_1005Metric_COMPACT,55.6075,-78.0975,270,top,90
D14,LED,LED_0402_1005Metric_COMPACT,34.31,-67.72,90,top,-90
D15,LED,LED_0402_1005Metric_COMPACT,41.3725,-70.3825,90,top,-90
D16,LED,LED_0402_1005Metric_COMPACT,54.13,-80.35,270,top,90
D17,LED,LED_0402_1005Metric_COMPACT,83.74,-83.48,270,top,90
D18,LED,LED_0402_1005Metric_COMPACT,90.44,-80.4,270,top,90
D19,LED,LED_0402_1005Metric_COMPACT,69.9,-64.455,270,top,90
D20,LED,LED_0402_1005Metric_COMPACT,111.01,-81.8925,360,top,180
D21,LED,LED_0402_1005Metric_COMPACT,115.72,-73.42,180,top,0
N1,2SK3541,SOT-723-COMPACT,39.18,-26.43,270,top,90
N2,2SK3541,SOT-723-COMPACT,38.78,-24.68,90,top,-90
N3,2SK3541,SOT-723-COMPACT,41.68,-26.28,180,top,0
N4,2SK3541,SOT-723-COMPACT,39.18,-36.0025,90,top,-90
N5,2SK3541,SOT-723-COMPACT,40.68,-36.0025,90,top,-90
N6,2SK3541,SOT-723-COMPACT,42.18,-36.0125,90,top,-90
N7,2SK3541,SOT-723-COMPACT,43.7,-36.0225,90,top,-90
N8,2SK3541,SOT-723-COMPACT,37.68,-35.9875,90,top,-90
N9,NX7002BKMB315,DFN1006-3-NCH,36.32,-43.645,180,top,0
N10,NX7002BKMB315,DFN1006-3-NCH,37.98,-43.64,180,top,0
N11,NX7002BKMB315,DFN1006-3-NCH,39.67,-43.64,180,top,0
N12,NX7002BKMB315,DFN1006-3-NCH,41.39,-43.64,180,top,0
N13,NX7002BKMB315,DFN1006-3-NCH,43.17,-43.64,180,top,0
N14,2SK3541,SOT-723-COMPACT,59.455,-25.025,180,top,0
N15,2SK3541,SOT-723-COMPACT,57.695,-25.445,180,top,0
N16,2SK3541,SOT-723-COMPACT,55.955,-25.895,180,top,0
N17,NX7002BKMB315,DFN1006-3-NCH,58.57,-40.325,180,top,0
N18,NX7002BKMB315,DFN1006-3-NCH,57.07,-40.315,180,top,0
N19,NX7002BKMB315,DFN1006-3-NCH,55.57,-40.305,180,top,0
N20,2SK3541,SOT-723-COMPACT,74.775,-42.6975,180,top,0
N21,2SK3541,SOT-723-COMPACT,73.145,-42.7,270,top,90
N22,2SK3541,SOT-723-COMPACT,72.23,-26.1325,270,top,90
N23,2SK3541,SOT-723-COMPACT,37.035,-51.34,360,top,180
N24,2SK3541,SOT-723-COMPACT,74.13,-27.8825,90,top,-90
N25,2SK3541,SOT-723-COMPACT,75.905,-27.8525,180,top,0
N26,2SK3541,SOT-723-COMPACT,110.8,-40.9,180,top,0
N27,2SK3541,SOT-723-COMPACT,123.1,-41.31,180,top,0
N28,NX7002BKMB315,DFN1006-3-NCH,112.7175,-51.685,180,top,0
N29,NX7002BKMB315,DFN1006-3-NCH,124.193699,-52.605,180,top,0
N30,2SK3541,SOT-723-COMPACT,85.17,-74.86,270,top,90
N31,2SK3541,SOT-723-COMPACT,85.45,-76.74,270,top,90
N32,2SK3541,SOT-723-COMPACT,85.08,-78.89,270,top,90
N33,2SK3541,SOT-723-COMPACT,87.2,-76.57,360,top,180
N34,2SK3541,SOT-723-COMPACT,86.985,-79.68,180,top,0
N35,2SK3541,SOT-723-COMPACT,39.64,-73.06,180,top,0
N36,2SK3541,SOT-723-COMPACT,38.865,-74.66,180,top,0
N37,2SK3541,SOT-723-COMPACT,37.815,-73.06,180,top,0
N38,2SK3541,SOT-723-COMPACT,42.89,-73.14,180,top,0
N39,2SK3541,SOT-723-COMPACT,44.49,-73.25,270,top,90
N40,2SK3541,SOT-723-COMPACT,42.88,-74.64,180,top,0
N41,2SK3541,SOT-723-COMPACT,87.075,-78.1,180,top,0
N42,2SK3541,SOT-723-COMPACT,87.34,-81.365,270,top,90
N43,2SK3541,SOT-723-COMPACT,59.83,-79.22,90,top,-90
N44,2SK3541,SOT-723-COMPACT,62.07,-79.17,90,top,-90
N45,2SK3541,SOT-723-COMPACT,58.2,-79.65,180,top,0
N46,2SK3541,SOT-723-COMPACT,58.2,-81.15,360,top,180
N47,2SK3541,SOT-723-COMPACT,59.85,-80.95,90,top,-90
N48,2SK3541,SOT-723-COMPACT,63.71,-79.65,360,top,180
N49,2SK3541,SOT-723-COMPACT,63.705,-81.15,360,top,180
N50,2SK3541,SOT-723-COMPACT,61.57,-80.96,90,top,-90
N51,2SK3541,SOT-723-COMPACT,82.95,-78.15,180,top,0
N52,2SK3541,SOT-723-COMPACT,83.66,-76.58,180,top,0
N53,2SK3541,SOT-723-COMPACT,82.98,-79.69,180,top,0
N54,2SK3541,SOT-723-COMPACT,81.26,-80.01,270,top,90
N55,2SK3541,SOT-723-COMPACT,81.06,-78.24,90,top,-90
N56,2SK3541,SOT-723-COMPACT,89.095,-81.34,180,top,0
N57,2SK3541,SOT-723-COMPACT,82.86,-81.61,90,top,-90
N58,2SK3541,SOT-723-COMPACT,68.63,-64.575,270,top,90
N59,2SK3541,SOT-723-COMPACT,65.01,-67.935,180,top,0
N60,2SK3541,SOT-723-COMPACT,69.32,-66.315,270,top,90
N61,2SK3541,SOT-723-COMPACT,66.6,-69.575,90,top,-90
N62,2SK3541,SOT-723-COMPACT,67.03,-64.725,180,top,0
N63,2SK3541,SOT-723-COMPACT,70.05,-68.025,270,top,90
N64,2SK3541,DFN1006-3-NCH,117.9775,-80.65,180,top,0
N65,2SK3541,DFN1006-3-NCH,117.65,-79.25,360,top,180
N66,2SK3541,DFN1006-3-NCH,117.98,-77.895,360,top,180
N67,2SK3541,DFN1006-3-NCH,110.8525,-80.85,360,top,180
N68,2SK3541,DFN1006-3-NCH,112.47,-78.435,270,top,90
N69,2SK3541,DFN1006-3-NCH,112.73,-79.93,270,top,90
N70,2SK3541,DFN1006-3-NCH,116.75,-77.7,270,top,90
N71,2SK3541,DFN1006-3-NCH,116.08,-79.35,180,top,0
N72,2SK3541,DFN1006-3-NCH,114.18,-79.3525,180,top,0
N73,2SK3541,DFN1006-3-NCH,116.95,-81.73,180,top,0
N74,2SK3541,DFN1006-3-NCH,114.98,-77.91,270,top,90
N75,2SK3541,DFN1006-3-NCH,114.43,-80.405,180,top,0
N76,2SK3541,DFN1006-3-NCH,116.39,-76.19,270,top,90
N77,2SK3541,DFN1006-3-NCH,116.18,-80.635,180,top,0
P1,RZM001P02T2L,SOT-723-COMPACTP,37.68,-26.43,270,top,90
P2,RZM001P02T2L,SOT-723-COMPACTP,40.28,-24.68,90,top,-90
P3,RZM001P02T2L,SOT-723-COMPACTP,41.78,-24.68,270,top,90
P4,RZM001P02T2L,SOT-723-COMPACTP,39.18,-34.24,270,top,90
P5,RZM001P02T2L,SOT-723-COMPACTP,40.68,-34.23,270,top,90
P6,RZM001P02T2L,SOT-723-COMPACTP,42.18,-34.255,270,top,90
P7,RZM001P02T2L,SOT-723-COMPACTP,43.71,-34.24,270,top,90
P8,RZM001P02T2L,SOT-723-COMPACTP,37.68,-34.22,270,top,90
P9,BSS84KNC,DFN1006-3-PCH,36.32,-42.64,180,top,0
P10,BSS84KNC,DFN1006-3-PCH,37.98,-42.64,180,top,0
P11,BSS84KNC,DFN1006-3-PCH,39.67,-42.64,180,top,0
P12,BSS84KNC,DFN1006-3-PCH,41.39,-42.64,180,top,0
P13,BSS84KNC,DFN1006-3-PCH,43.17,-42.64,180,top,0
P14,RZM001P02T2L,SOT-723-COMPACTP,59.445,-26.595,180,top,0
P15,RZM001P02T2L,SOT-723-COMPACTP,57.725,-27,360,top,180
P16,RZM001P02T2L,SOT-723-COMPACTP,55.8,-27.415,180,top,0
P17,BSS84KNC,DFN1006-3-PCH,58.57,-41.325,180,top,0
P18,BSS84KNC,DFN1006-3-PCH,58.57,-42.325,180,top,0
P19,BSS84KNC,DFN1006-3-PCH,58.57,-43.325,180,top,0
P20,RZM001P02T2L,SOT-723-COMPACTP,74.985,-41.1475,180,top,0
P21,RZM001P02T2L,SOT-723-COMPACTP,73.195,-41.0875,180,top,0
P22,RZM001P02T2L,SOT-723-COMPACTP,73.91,-25.8525,90,top,-90
P23,RZM001P02T2L,SOT-723-COMPACTP,72.37,-28.1425,90,top,-90
P24,RZM001P02T2L,SOT-723-COMPACTP,37.04,-52.84,360,top,180
P25,RZM001P02T2L,SOT-723-COMPACTP,75.895,-26.3125,180,top,0
P26,RZM001P02T2L,SOT-723-COMPACTP,109.985,-29.78,180,top,0
P27,RZM001P02T2L,SOT-723-COMPACTP,122.315,-29.79,180,top,0
P28,BSS84KNC,DFN1006-3-PCH,90.41,-52.565,180,top,0
P29,BSS84KNC,DFN1006-3-PCH,102.65,-53,180,top,0
P30,RZM001P02T2L,SOT-723-COMPACTP,81.5,-73.27,180,top,0
P31,RZM001P02T2L,SOT-723-COMPACTP,83.29,-74.91,90,top,-90
P32,RZM001P02T2L,SOT-723-COMPACTP,81.89,-76.54,360,top,180
P33,RZM001P02T2L,SOT-723-COMPACTP,83.235,-73.27,360,top,180
P34,RZM001P02T2L,SOT-723-COMPACTP,81.62,-74.92,360,top,180
P35,RZM001P02T2L,SOT-723-COMPACTP,42.69,-70.33,90,top,-90
P36,RZM001P02T2L,SOT-723-COMPACTP,44.3,-70.13,180,top,0
P37,RZM001P02T2L,SOT-723-COMPACTP,37.815,-71.56,180,top,0
P38,RZM001P02T2L,SOT-723-COMPACTP,44.29,-71.64,360,top,180
P39,RZM001P02T2L,SOT-723-COMPACTP,40.04,-70.36,90,top,-90
P40,RZM001P02T2L,SOT-723-COMPACTP,38.44,-70.06,360,top,180
P41,RZM001P02T2L,SOT-723-COMPACTP,86.975,-75.03,360,top,180
P42,RZM001P02T2L,SOT-723-COMPACTP,88.925,-78.25,360,top,180
P43,RZM001P02T2L,SOT-723-COMPACTP,89.2,-76.66,180,top,0
P44,RZM001P02T2L,SOT-723-COMPACTP,58.63,-77.38,180,top,0
P45,RZM001P02T2L,SOT-723-COMPACTP,59.4,-75.77,90,top,-90
P46,RZM001P02T2L,SOT-723-COMPACTP,60.9,-75.77,90,top,-90
P47,RZM001P02T2L,SOT-723-COMPACTP,62.41,-75.77,90,top,-90
P48,RZM001P02T2L,SOT-723-COMPACTP,63.92,-75.76,270,top,90
P49,RZM001P02T2L,SOT-723-COMPACTP,64.68,-77.4,360,top,180
P50,RZM001P02T2L,SOT-723-COMPACTP,60.24,-77.48,270,top,90
P51,RZM001P02T2L,SOT-723-COMPACTP,63.08,-77.47,270,top,90
P52,RZM001P02T2L,SOT-723-COMPACTP,90.26,-75.04,90,top,-90
P53,RZM001P02T2L,SOT-723-COMPACTP,90.245,-73.35,360,top,180
P54,RZM001P02T2L,SOT-723-COMPACTP,88.6,-73.82,90,top,-90
P55,RZM001P02T2L,SOT-723-COMPACTP,86.965,-73.5,180,top,0
P56,RZM001P02T2L,SOT-723-COMPACTP,89.09,-79.81,180,top,0
P57,RZM001P02T2L,SOT-723-COMPACTP,84.39,-81.605,90,top,-90
P58,RZM001P02T2L,SOT-723-COMPACTP,67.81,-66.325,90,top,-90
P59,RZM001P02T2L,SOT-723-COMPACTP,68.445,-67.985,360,top,180
P60,RZM001P02T2L,SOT-723-COMPACTP,66.73,-67.925,360,top,180
P61,RZM001P02T2L,SOT-723-COMPACTP,64.47,-65.835,270,top,90
P62,RZM001P02T2L,SOT-723-COMPACTP,66.205,-66.275,180,top,0
P63,RZM001P02T2L,SOT-723-COMPACTP,68.34,-69.545,180,top,0
P64,RZM001P02T2L,DFN1006-3-PCH,109.77,-79.3225,360,top,180
P65,RZM001P02T2L,DFN1006-3-PCH,113.22,-76.7575,180,top,0
P66,RZM001P02T2L,DFN1006-3-PCH,113.54,-78.1225,90,top,-90
P67,RZM001P02T2L,DFN1006-3-PCH,111.26,-79.5825,90,top,-90
P68,RZM001P02T2L,DFN1006-3-PCH,111.805,-76.9825,90,top,-90
P69,RZM001P02T2L,DFN1006-3-PCH,110.635,-78.0525,90,top,-90
P70,RZM001P02T2L,DFN1006-3-PCH,110.585,-76.4225,270,top,90
P71,RZM001P02T2L,DFN1006-3-PCH,111.67,-73.1,270,top,90
P72,RZM001P02T2L,DFN1006-3-PCH,110.76,-74.9925,90,top,-90
P73,RZM001P02T2L,DFN1006-3-PCH,112.2125,-74.5125,180,top,0
P74,RZM001P02T2L,DFN1006-3-PCH,114.61,-74.7625,90,top,-90
P75,RZM001P02T2L,DFN1006-3-PCH,115.1,-76.045,180,top,0
P76,RZM001P02T2L,DFN1006-3-PCH,112.0975,-75.6325,360,top,180
P77,RZM001P02T2L,DFN1006-3-PCH,116.4,-74.66,270,top,90
R1,1k,R_0402_1005Metric_COMPACT,37.58,-24.67,270,top,90
R2,1k,R_0402_1005Metric_COMPACT,40.38,-26.43,90,top,-90
R3,1k,R_0402_1005Metric_COMPACT,36.65,-24.66,270,top,90
R4,1k,R_0402_1005Metric_COMPACT,36.48,-34.2025,270,top,90
R5,1k,R_0402_1005Metric_COMPACT,44.37,-42.2,270,top,90
R6,1k,R_0402_1005Metric_COMPACT,60.1,-28.5,270,top,90
R7,1k,R_0402_1005Metric_COMPACT,59.29,-23.675,180,top,0
R8,1k,R_0402_1005Metric_COMPACT,57.37,-23.665,360,top,180
R9,1k,R_0402_1005Metric_COMPACT,54.85,-28.805,360,top,180
R10,1k,R_0402_1005Metric_COMPACT,59.73,-42.9,90,top,-90
R11,1k,R_0402_1005Metric_COMPACT,56.28,-42.98,270,top,90
R12,1k,R_0402_1005Metric_COMPACT,55.53,-41.48,180,top,0
R13,1k,R_0402_1005Metric_COMPACT,57.19,-42.98,90,top,-90
R14,1k,R_0402_1005Metric_COMPACT,73.165,-44.2575,180,top,0
R15,1k,R_0402_1005Metric_COMPACT,76.155,-42.8875,270,top,90
R16,1k,R_0402_1005Metric_COMPACT,72.665,-39.5675,180,top,0
R17,1k,R_0402_1005Metric_COMPACT,35.67,-54.13,360,top,180
R18,1k,R_0402_1005Metric_COMPACT,38.46,-54.17,270,top,90
R19,1k,R_0402_1005Metric_COMPACT,40.7125,-51.93,270,top,90
R20,1k,R_0402_1005Metric_COMPACT,41.2425,-53.9,360,top,180
R21,1k,R_0402_1005Metric_COMPACT,70.47,-29.2225,180,top,0
R22,1k,R_0402_1005Metric_COMPACT,70.38,-28.2425,180,top,0
R23,1k,R_0402_1005Metric_COMPACT,74.29,-29.5025,360,top,180
R24,1k,R_0402_1005Metric_COMPACT,74.4925,-50.2675,270,top,90
R25,1k,R_0402_1005Metric_COMPACT,78.0625,-50.0375,270,top,90
R26,1k,R_0402_1005Metric_COMPACT,82.0025,-49.8075,270,top,90
R27,1k,R_0402_1005Metric_COMPACT,67.079999,-54,270,top,90
R28,1k,R_0402_1005Metric_COMPACT,61.79,-53.98,90,top,-90
R29,1k,R_0402_1005Metric_COMPACT,58.5,-53.24,90,top,-90
R30,1k,R_0402_1005Metric_COMPACT,55.71,-79.81,360,top,180
R31,1k,R_0402_1005Metric_COMPACT,37.07,-69.87,90,top,-90
R32,1k,R_0402_1005Metric_COMPACT,42.46,-71.73,180,top,0
R33,1k,R_0402_1005Metric_COMPACT,44.21,-75.03,90,top,-90
R34,1k,R_0402_1005Metric_COMPACT,40.99,-73.01,90,top,-90
R35,1k,R_0402_1005Metric_COMPACT,40.61,-74.81,90,top,-90
R36,1k,R_0402_1005Metric_COMPACT,63.01,-85.58,270,top,90
R37,1k,R_0402_1005Metric_COMPACT,56.655,-76.878327,300,top,120
R38,1k,R_0402_1005Metric_COMPACT,65.6,-78.79,180,top,0
R39,1k,R_0402_1005Metric_COMPACT,63.76,-82.49,180,top,0
R40,1k,R_0402_1005Metric_COMPACT,87.3,-82.81,180,top,0
R41,1k,R_0402_1005Metric_COMPACT,85.88,-81.55,90,top,-90
R42,1k,R_0402_1005Metric_COMPACT,79.97,-76.83,360,top,180
R43,1k,R_0402_1005Metric_COMPACT,84.8,-83.49,270,top,90
R44,1k,R_0402_1005Metric_COMPACT,91.37,-80.39,270,top,90
R45,1k,R_0402_1005Metric_COMPACT,70.66,-66.265,90,top,-90
R46,1k,R_0402_1005Metric_COMPACT,70.2,-69.965,180,top,0
R47,1k,R_0402_1005Metric_COMPACT,63.44,-67.925,90,top,-90
R48,1k,R_0402_1005Metric_COMPACT,119.35,-79.95,90,top,-90
R49,1k,R_0402_1005Metric_COMPACT,113.45,-75.2,270,top,90
R50,1k,R_0402_1005Metric_COMPACT,114.91,-81.5825,360,top,180
R51,1k,R_0402_1005Metric_COMPACT,112.95,-82.16,180,top,0
R52,1k,R_0402_1005Metric_COMPACT,113.88,-73.42,360,top,180
TP1,BOS,TPTHRU,40.67,-28.615,180,top,0
TP2,BOR,TPTHRU,41.49,-22.525,360,top,180
TP3,FFOUT,TPTHRU,43.85,-25.765,180,top,0
TP4,ROON,TPTHRU,43.51,-38.146194,180,top,0
TP5,VCCFF,TPTHRU,36.42,-28.655,180,top,0
TP6,GNDFF,TPTHRU,38.85,-22.455,180,top,0
TP7,GNDRO,TPTHRU,37.22,-38.236194,180,top,0
TP8,VCCRO,TPTHRU,34.3,-36.206194,180,top,0
TP9,GNDRO,TPTHRU,36.31,-45.51,180,top,0
TP10,VCCRO,TPTHRU,43.2,-46.26,180,top,0
TP11,ROON,TPTHRU,40.32,-45.53,180,top,0
TP12,3NANDOUT,TPTHRU,56.33,-30.61,180,top,0
TP13,3NANDI0,TPTHRU,59.42,-21.93,180,top,0
TP14,3NANDI1,TPTHRU,55,-22.14,180,top,0
TP15,3NANDI2,TPTHRU,52.64,-28.6,180,top,0
TP16,VCC3NAND,TPTHRU,59.24,-30.68,180,top,0
TP17,GND3NAND,TPTHRU,53.79,-25.03,180,top,0
TP18,3NANDI1,TPTHRU,56.44,-38.35,180,top,0
TP19,3NANDI0,TPTHRU,52.87,-39.66,180,top,0
TP20,3NANDI2,TPTHRU,54.43,-44.8,180,top,0
TP21,3NANDOUT,TPTHRU,59.2,-45.34,180,top,0
TP22,VCC3NAND,TPTHRU,52.91,-42.26,180,top,0
TP23,GND3NAND,TPTHRU,53.89,-37.11,180,top,0
TP24,2NOR1,TPTHRU,75.0025,-39.0275,360,top,180
TP25,2NOR0,TPTHRU,75.5425,-45.4775,180,top,0
TP26,2NOROUT,TPTHRU,69.1225,-41.5075,180,top,0
TP27,VCC2NOR,TPTHRU,70.1125,-38.7275,180,top,0
TP28,GND2NOR,TPTHRU,71.2125,-46.0875,180,top,0
TP29,XORB,TPTHRU,69.35,-26.3525,180,top,0
TP30,XM1,TPTHRU,34.6725,-51.49,180,top,0
TP31,XM2,TPTHRU,44.6525,-52.89,180,top,0
TP32,XMINP,TPTHRU,36.1725,-56.06,180,top,0
TP33,XMINN,TPTHRU,42.2325,-55.8,180,top,0
TP34,XORA,TPTHRU,76.62,-29.9525,180,top,0
TP35,VCCXM,TPTHRU,33.3725,-55.03,180,top,0
TP36,GNDXM,TPTHRU,39.3925,-56.53,180,top,0
TP37,XOROUT,TPTHRU,76.56,-23.8825,180,top,0
TP38,VCCXOR,TPTHRU,69.43,-21.97,180,top,0
TP39,GNDXOR,TPTHRU,71.97,-31.1,180,top,0
TP40,LED0,TPTHRU,74.0725,-55.1475,180,top,0
TP41,LED1,TPTHRU,78.0225,-55.0275,180,top,0
TP42,LED2,TPTHRU,81.8525,-55.1075,180,top,0
TP43,PS,TPTHRU,107,-31.98,180,top,0
TP44,PG,TPTHRU,107.54,-27.12,180,top,0
TP45,PD,TPTHRU,113.13,-29.76,180,top,0
TP46,ND,TPTHRU,113.865,-40.83,180,top,0
TP47,NS,TPTHRU,108.445,-43.12,180,top,0
TP48,NG,TPTHRU,108.425,-38.59,180,top,0
TP49,R,TPTHRU,66.85,-56.41,270,top,90
TP50,R,TPTHRU,66.88,-51.24,270,top,90
TP51,R,TPTHRU,61.91,-50.74,180,top,0
TP52,R,TPTHRU,61.91,-56.48,180,top,0
TP53,R,TPTHRU,58.27,-50.43,180,top,0
TP54,R,TPTHRU,58.42,-56.18,180,top,0
TP55,JOIN0,TPTHRU,97.7,-29.54,180,top,0
TP56,JOIN0,TPTHRU,83.69,-29.55,180,top,0
TP57,JOIN0,TPTHRU,86.98,-29.52,180,top,0
TP58,JOIN0,TPTHRU,90.59,-29.49,180,top,0
TP59,JOIN0,TPTHRU,101.15,-29.54,180,top,0
TP60,JOIN0,TPTHRU,94.19,-29.52,180,top,0
TP61,JOIN1,TPTHRU,97.29,-22.24,180,top,0
TP62,JOIN1,TPTHRU,93.58,-22.34,180,top,0
TP63,JOIN1,TPTHRU,90.11,-22.24,180,top,0
TP64,JOIN1,TPTHRU,101.02,-22.28,180,top,0
TP65,JOIN1,TPTHRU,86.76,-22.28,180,top,0
TP66,JOIN1,TPTHRU,83.34,-22.31,180,top,0
TP67,PG,TPTHRU,119.19,-27.84,180,top,0
TP68,PS,TPTHRU,119.51,-31.73,180,top,0
TP69,PD,TPTHRU,125.47,-29.57,180,top,0
TP70,NG,TPTHRU,120.695,-39.16,180,top,0
TP71,ND,TPTHRU,125.745,-41.41,180,top,0
TP72,NS,TPTHRU,120.905,-43.54,180,top,0
TP73,PG,TPTHRU,88.0275,-50.065,180,top,0
TP74,PS,TPTHRU,87.8975,-53.895,180,top,0
TP75,PD,TPTHRU,93.6675,-52.645,180,top,0
TP76,NG,TPTHRU,110.27,-49.465,180,top,0
TP77,ND,TPTHRU,115.21,-51.345,180,top,0
TP78,NS,TPTHRU,110.27,-53.865,180,top,0
TP79,PG,TPTHRU,100.52,-51.07,180,top,0
TP80,PS,TPTHRU,100.47,-54.9,180,top,0
TP81,PD,TPTHRU,105.6,-52.8,180,top,0
TP82,NG,TPTHRU,121.553699,-50.695,180,top,0
TP83,ND,TPTHRU,126.583699,-52.66,180,top,0
TP84,NS,TPTHRU,121.903699,-54.76,180,top,0
TP85,JOIN2,TPTHRU,83.209001,-36.5,180,top,0
TP86,JOIN2,TPTHRU,90.029,-36.5,180,top,0
TP87,JOIN2,TPTHRU,97.25,-36.5,180,top,0
TP88,JOIN2,TPTHRU,86.799001,-36.5,180,top,0
TP89,JOIN2,TPTHRU,93.75,-36.5,180,top,0
TP90,JOIN2,TPTHRU,100.75,-36.5,180,top,0
TP91,JOIN3,TPTHRU,83.15,-41.34,180,top,0
TP92,JOIN3,TPTHRU,90.21,-41.26,180,top,0
TP93,JOIN3,TPTHRU,97.26,-41.06,180,top,0
TP94,JOIN3,TPTHRU,86.74,-41.34,180,top,0
TP95,JOIN3,TPTHRU,93.8,-41.26,180,top,0
TP96,JOIN3,TPTHRU,100.85,-41.06,180,top,0
TP97,GND,TPTHRU,111.44,-22.33,180,top,0
TP98,GND,TPTHRU,59.68,-34.45,180,top,0
TP99,GND,TPTHRU,115.03,-22.33,180,top,0
TP100,GND,TPTHRU,63.27,-34.45,180,top,0
TP101,GND,TPTHRU,118.62,-22.33,180,top,0
TP102,GND,TPTHRU,66.86,-34.45,180,top,0
TP103,JKCK,TPTHRU,58.53,-83.29,180,top,0
TP104,JKQ,TPTHRU,61.4,-83.32,180,top,0
TP105,JKNQ,TPTHRU,55.92,-81.7,180,top,0
TP106,RSNQ,TPTHRU,34.85,-70.2,180,top,0
TP107,RSQ,TPTHRU,46.59,-70.91,180,top,0
TP108,RSR,TPTHRU,40.9,-67.56,180,top,0
TP109,RSS,TPTHRU,43.47,-67.9,180,top,0
TP110,RSCK,TPTHRU,35.61,-73.72,180,top,0
TP111,GNDRS,TPTHRU,38.59,-76.97,180,top,0
TP112,VCCRS,TPTHRU,36.11,-67.61,180,top,0
TP113,JKK,TPTHRU,55.45,-74.47,180,top,0
TP114,JKJ,TPTHRU,66.52,-80.72,180,top,0
TP115,VCCJK,TPTHRU,49.06,-77.82,180,top,0
TP116,GNDJK,TPTHRU,49.06,-81.41,180,top,0
TP117,FACO,TPTHRU,81.87,-83.9,180,top,0
TP118,FASO,TPTHRU,91.3,-82.65,180,top,0
TP119,FACi,TPTHRU,87.34,-84.73,180,top,0
TP120,FAB,TPTHRU,78.97,-80.06,180,top,0
TP121,FAA,TPTHRU,79.03,-74.43,180,top,0
TP122,VCCFA,TPTHRU,93.89,-73.45,180,top,0
TP123,GNDFA,TPTHRU,78.87,-84.08,180,top,0
TP124,XOR2A,TPTHRU,61.725595,-68.785,180,top,0
TP125,XOR2B,TPTHRU,67.16,-71.906996,180,top,0
TP126,XOR2O,TPTHRU,67.51,-62.315,180,top,0
TP127,VCCXOR2,TPTHRU,64.13,-62.315,180,top,0
TP128,GNDXOR2,TPTHRU,72.43,-70.245,180,top,0
TP129,FACi,TPTHRU,122.79,-77.55,180,top,0
TP130,FAB,TPTHRU,113.93,-84.31,180,top,0
TP131,FAA,TPTHRU,109.29,-69.76,180,top,0
TP132,FACO,TPTHRU,110.83,-84.89,180,top,0
TP133,FASO,TPTHRU,115.58,-69.99,180,top,0
TP134,VCCFA,TPTHRU,112.22,-69.8,180,top,0
TP135,GNDFA,TPTHRU,119.47,-83.39,180,top,0
